﻿<?xml version="1.0" encoding="utf-8"?>

<Deployment xmlns="http://schemas.microsoft.com/windowsphone/2009/deployment" AppPlatformVersion="7.0">
  <App xmlns="" ProductID="{07541982-e5c1-43ea-b935-83deefeb4d25}" Title="WPTestProject" RuntimeType="SilverLight" Version="1.0.0.0" Genre="NormalApp"  Author="" Description="" Publisher="">
    <IconPath IsRelative="true" IsResource="false">ApplicationIcon.png</IconPath>
    <Capabilities>
    </Capabilities>
    <Tasks>
      <DefaultTask  Name ="_default" PlaceHolderString="Default task"/>
    </Tasks>
    <Tokens>
      <PrimaryToken TokenID="WPTestProjectToken" TaskName="_default">
        <TemplateType5>
          <BackgroundImageURI IsRelative="true" IsResource="false">Background.png</BackgroundImageURI>
          <Count>0</Count>
          <Title>WPTestProject</Title>
        </TemplateType5>
      </PrimaryToken>
    </Tokens>
  </App>
</Deployment>